-- MySQL dump 10.11
--
-- Host: localhost    Database: aleph
-- ------------------------------------------------------
-- Server version	5.0.75-0ubuntu10.5

/*!40101 SET @OLD_CHARACTER_SET_CLIENT=@@CHARACTER_SET_CLIENT */;
/*!40101 SET @OLD_CHARACTER_SET_RESULTS=@@CHARACTER_SET_RESULTS */;
/*!40101 SET @OLD_COLLATION_CONNECTION=@@COLLATION_CONNECTION */;
/*!40101 SET NAMES utf8 */;
/*!40103 SET @OLD_TIME_ZONE=@@TIME_ZONE */;
/*!40103 SET TIME_ZONE='+00:00' */;
/*!40014 SET @OLD_UNIQUE_CHECKS=@@UNIQUE_CHECKS, UNIQUE_CHECKS=0 */;
/*!40014 SET @OLD_FOREIGN_KEY_CHECKS=@@FOREIGN_KEY_CHECKS, FOREIGN_KEY_CHECKS=0 */;
/*!40101 SET @OLD_SQL_MODE=@@SQL_MODE, SQL_MODE='NO_AUTO_VALUE_ON_ZERO' */;
/*!40111 SET @OLD_SQL_NOTES=@@SQL_NOTES, SQL_NOTES=0 */;

--
-- Table structure for table `aleph_documento`
--

DROP TABLE IF EXISTS `aleph_documento`;
SET @saved_cs_client     = @@character_set_client;
SET character_set_client = utf8;
CREATE TABLE `aleph_documento` (
  `id` int(11) NOT NULL auto_increment,
  `titulo` varchar(80) NOT NULL,
  `autor` varchar(80) default NULL,
  `tipo` varchar(3) NOT NULL,
  `isbn` varchar(13) default NULL,
  `olid` varchar(15) default NULL,
  PRIMARY KEY  (`id`)
) ENGINE=MyISAM AUTO_INCREMENT=929 DEFAULT CHARSET=latin1;
SET character_set_client = @saved_cs_client;

--
-- Dumping data for table `aleph_documento`
--

LOCK TABLES `aleph_documento` WRITE;
/*!40000 ALTER TABLE `aleph_documento` DISABLE KEYS */;
INSERT INTO `aleph_documento` VALUES (787,'Tablas',NULL,'APU',NULL,NULL),(786,'Reacciones RedOx',NULL,'APU',NULL,NULL),(784,'Polímeros',NULL,'APU',NULL,NULL),(785,'Polímeros naturales',NULL,'APU',NULL,NULL),(782,'Folio 1',NULL,'APU',NULL,NULL),(783,'Folio 6',NULL,'APU',NULL,NULL),(781,'Corrosión',NULL,'APU',NULL,NULL),(780,'Cinética Química',NULL,'APU',NULL,NULL),(778,'Trabajo Práctico Nº 1. Adaptación de impedancias con la Carta de Smith',NULL,'APU',NULL,NULL),(779,'Trabajo Práctico Nº 2. Cálculo de campos por el método de elementos finitos',NULL,'APU',NULL,NULL),(777,'Teoría de TDR',NULL,'APU',NULL,NULL),(775,'Radiación Electromagnética y Antenas. Segunda parte',NULL,'APU',NULL,NULL),(776,'Revisión de la literatura epidemiológica sobre EMF y salud. ICNIRP 2001',NULL,'APU',NULL,NULL),(658,'Propiedades de la transformada de Fourier',NULL,'APU',NULL,NULL),(659,'Series',NULL,'APU',NULL,NULL),(660,'Sucesiones',NULL,'APU',NULL,NULL),(657,'Integrales impropias',NULL,'APU',NULL,NULL),(656,'Guía TP',NULL,'APU',NULL,NULL),(655,'Aplicaciones físicas',NULL,'APU',NULL,NULL),(654,'Potencial Complejo',NULL,'APU',NULL,NULL),(653,'Guía Completa',NULL,'APU',NULL,NULL),(652,'Estabilidad de sistemas LTI en tiempo continuo',NULL,'APU',NULL,NULL),(651,'Sugerencias a los ejercicios adicionales al TP 1',NULL,'APU',NULL,NULL),(650,'Práctica 7 - Normas de vectores, transformaciones lineales y matrices',NULL,'APU',NULL,NULL),(649,'Práctica 6 - Diagonalización de Matrices Hermíticas - Formas Cuadráticas - Desco',NULL,'APU',NULL,NULL),(648,'Práctica 5 - Autovalores y autovectores - Diagonalización de matrices y transfor',NULL,'APU',NULL,NULL),(647,'Práctica 4 - Transformaciones Lineales',NULL,'APU',NULL,NULL),(646,'Práctica 4 (2da Parte)- Ecuaciones Diferenciales Lineales',NULL,'APU',NULL,NULL),(645,'Práctica 3 - Descomposición QR-Cuadrados Mínimos',NULL,'APU',NULL,NULL),(644,'Práctica 2 - Producto interno ',NULL,'APU',NULL,NULL),(643,'Práctica 1 - Espacios vectoriales',NULL,'APU',NULL,NULL),(615,'Guía Práctica 1ra parte',NULL,'APU',NULL,NULL),(616,'Guía Práctica 2da parte',NULL,'APU',NULL,NULL),(617,'Parciales Teóricos',NULL,'APU',NULL,NULL),(618,'Apunte I: Intro a la Probabilidad y estadística',NULL,'APU',NULL,NULL),(619,'Apunte II: Promedio, Combinatoria...',NULL,'APU',NULL,NULL),(620,'Apunte III: Construcción Analítica de una...., función densidad, etc',NULL,'APU',NULL,NULL),(621,'Apunte: Variable aleatorio unidimensional y bidimensional',NULL,'APU',NULL,NULL),(622,'Ejercicios adicionales',NULL,'APU',NULL,NULL),(623,'Guia Tp',NULL,'APU',NULL,NULL),(624,'Tabla distribución Gamma',NULL,'APU',NULL,NULL),(625,'Tabla distribución Normal',NULL,'APU',NULL,NULL),(626,'Grafos',NULL,'APU',NULL,NULL),(627,'Redes de Transporte',NULL,'APU',NULL,NULL),(628,'DVS',NULL,'APU',NULL,NULL),(629,'ecuaciones diferenciales ordinarias',NULL,'APU',NULL,NULL),(630,'Ejercicios adicionales a las prácticas 1 a 4',NULL,'APU',NULL,NULL),(631,'Ejercicios adicionales a las prácticas 5 a 7',NULL,'APU',NULL,NULL),(632,'Ejercicios adicionales al TP 1',NULL,'APU',NULL,NULL),(633,'Ejercicios adicionales: sistemas de ecuaciones diferenciales',NULL,'APU',NULL,NULL),(634,'Espacios Vectoriales',NULL,'APU',NULL,NULL),(635,'Guía con sugerencias para resolver el TP 1',NULL,'APU',NULL,NULL),(636,'Guía con sugerencias para resolver el TP 2',NULL,'APU',NULL,NULL),(637,'Guía con sugerencias para resolver el TP 3',NULL,'APU',NULL,NULL),(638,'Guía con sugerencias para resolver el TP 4',NULL,'APU',NULL,NULL),(639,'Guía con sugerencias para resolver el TP 5',NULL,'APU',NULL,NULL),(640,'Guía con sugerencias para resolver el TP 6',NULL,'APU',NULL,NULL),(641,'Guía con sugerencias para resolver la segunda parte del TP4',NULL,'APU',NULL,NULL),(642,'Guía con sugerencias para resolver los ejercicios adicionales de sistemas de ecu',NULL,'APU',NULL,NULL),(774,'Radiación Electromagnética y Antenas. Primera parte',NULL,'APU',NULL,NULL),(773,'Propiedades de aisladores de interés tecnológico',NULL,'APU',NULL,NULL),(772,'Primera parte de las \"Investigaciones experimentales sobre electricidad\" de M. F',NULL,'APU',NULL,NULL),(771,'Pautas de ICNIRP para limitar la exposición a campos electromagnéticos variables',NULL,'APU',NULL,NULL),(769,'Ondas Electromagnéticas. Primera parte',NULL,'APU',NULL,NULL),(770,'Ondas Electromagnéticas. Segunda parte',NULL,'APU',NULL,NULL),(767,'Métodos Numéricos en Baja Frecuencia',NULL,'APU',NULL,NULL),(768,'Ondas Electromagnéticas guiadas',NULL,'APU',NULL,NULL),(765,'Medición de fallas en líneas de alta tensión con TDR',NULL,'APU',NULL,NULL),(766,'Métodos Numéricos en Alta Frecuencia',NULL,'APU',NULL,NULL),(763,'Líneas de Transmisión. Segunda parte',NULL,'APU',NULL,NULL),(764,'Materiales Magnéticos y Aplicaciones',NULL,'APU',NULL,NULL),(762,'Líneas de Transmisión. Primera parte',NULL,'APU',NULL,NULL),(761,'Informe de NIEHS sobre efectos de campos de potencia sobre la salud. 1999',NULL,'APU',NULL,NULL),(759,'El trabajo de 1905 sobre la relatividad restringida',NULL,'APU',NULL,NULL),(760,'Electrodinámica',NULL,'APU',NULL,NULL),(758,'Ecuaciones de Maxwell',NULL,'APU',NULL,NULL),(756,'Declaración del IEE (UK) sobre efectos sobre la salud de campos de bajo nivel. 2',NULL,'APU',NULL,NULL),(757,'Documentos sobre el Sistema Internacional de Unidades',NULL,'APU',NULL,NULL),(755,'Comentarios sobre el \"California Report\". 2001',NULL,'APU',NULL,NULL),(754,'Carta de Smith de impedancias y admitancias',NULL,'APU',NULL,NULL),(753,'Carta de Smith básica',NULL,'APU',NULL,NULL),(752,'Campos Cuasi-estáticos 1.Electrostática del vacío',NULL,'APU',NULL,NULL),(750,'Campos Cuasi-estáticos 1.Corientes Estacionarias y Magnetostática',NULL,'APU',NULL,NULL),(751,'Campos Cuasi-estáticos 1.Electrostática de medios materiales',NULL,'APU',NULL,NULL),(702,'Materiales Magnéticos',NULL,'APU',NULL,NULL),(703,'Problema de aplicación de la Ley de Faraday ',NULL,'APU',NULL,NULL),(704,'Relatividad',NULL,'APU',NULL,NULL),(705,'Resumen Termodinámica',NULL,'APU',NULL,NULL),(706,'Termodinamica',NULL,'APU',NULL,NULL),(707,'Trabajo Práctico 1: Distribuciones de carga ',NULL,'APU',NULL,NULL),(708,'Trabajo Práctico 2: Líneas de campo eléctrico ',NULL,'APU',NULL,NULL),(709,'Trabajo Práctico 3: Corriente Continua',NULL,'APU',NULL,NULL),(710,'Trabajo Práctico 4: Balanza de corriente',NULL,'APU',NULL,NULL),(711,'Trabajo Práctico 5: Inducción electromagnética',NULL,'APU',NULL,NULL),(712,'Trabajo Práctico 6: Corriente Alterna ',NULL,'APU',NULL,NULL),(713,'Apunte de Juntura Metal-Semiconductor',NULL,'APU',NULL,NULL),(714,'ATOMO DE HIDROGENO',NULL,'APU',NULL,NULL),(715,'Clase de Juntura Metal-Semiconductor',NULL,'APU',NULL,NULL),(716,'Clase de semiconductores fuera del equilibrio',NULL,'APU',NULL,NULL),(717,'CRISTALOGRAFÍA',NULL,'APU',NULL,NULL),(718,'CUÁNTICA FORMAL',NULL,'APU',NULL,NULL),(719,'DIODO DE JUNTURA PN',NULL,'APU',NULL,NULL),(720,'EFECTO COMPTON',NULL,'APU',NULL,NULL),(721,'electrones en metales(Tipler)',NULL,'APU',NULL,NULL),(722,'GASES IDEALES',NULL,'APU',NULL,NULL),(723,'Guía de estudio para coloquio integrador',NULL,'APU',NULL,NULL),(724,'GUÍAS DE PROBLEMAS, Serie 0',NULL,'APU',NULL,NULL),(725,'GUÍAS DE PROBLEMAS, Serie 1',NULL,'APU',NULL,NULL),(726,'GUÍAS DE PROBLEMAS, Serie 10',NULL,'APU',NULL,NULL),(727,'GUÍAS DE PROBLEMAS, Serie 11',NULL,'APU',NULL,NULL),(728,'GUÍAS DE PROBLEMAS, Serie 12',NULL,'APU',NULL,NULL),(729,'GUÍAS DE PROBLEMAS, Serie 2',NULL,'APU',NULL,NULL),(730,'GUÍAS DE PROBLEMAS, Serie 3',NULL,'APU',NULL,NULL),(731,'GUÍAS DE PROBLEMAS, Serie 4',NULL,'APU',NULL,NULL),(732,'GUÍAS DE PROBLEMAS, Serie 5',NULL,'APU',NULL,NULL),(733,'GUÍAS DE PROBLEMAS, Serie 6',NULL,'APU',NULL,NULL),(734,'GUÍAS DE PROBLEMAS, Serie 7',NULL,'APU',NULL,NULL),(735,'GUÍAS DE PROBLEMAS, Serie 8',NULL,'APU',NULL,NULL),(736,'GUÍAS DE PROBLEMAS, Serie 9',NULL,'APU',NULL,NULL),(737,'Hoja de datos para usar en los exámenes',NULL,'APU',NULL,NULL),(738,'Hoja de datos para usar en los exámenes - 1er examen',NULL,'APU',NULL,NULL),(739,'Horno de microondas',NULL,'APU',NULL,NULL),(740,'Impulso del campo',NULL,'APU',NULL,NULL),(741,'JUNTURA P-N',NULL,'APU',NULL,NULL),(742,'Presión de radiación',NULL,'APU',NULL,NULL),(743,'Radiación electromagnética',NULL,'APU',NULL,NULL),(744,'TEORÍA DE BANDAS',NULL,'APU',NULL,NULL),(745,'TEORIA DEL ELECTRON LIBRE',NULL,'APU',NULL,NULL),(746,'Tiempo de vida de excesos en los semiconductores',NULL,'APU',NULL,NULL),(747,'Transistor Bipolar',NULL,'APU',NULL,NULL),(748,'Vector de Poynting',NULL,'APU',NULL,NULL),(749,'Apuntes de diseño de un sistema de tierra para telecomunicaciones',NULL,'APU',NULL,NULL),(700,'Las ecuaciones de Maxwell',NULL,'APU',NULL,NULL),(701,'Magnetostática ',NULL,'APU',NULL,NULL),(699,'Guía de Problemas - Electricidad y Magnetismo ',NULL,'APU',NULL,NULL),(698,'Guía de Problemas -  Calor y Termodinámica ',NULL,'APU',NULL,NULL),(696,'electrostatica',NULL,'APU',NULL,NULL),(697,'Energía almacenada en una distribución de cargas',NULL,'APU',NULL,NULL),(695,'Electricidad y magnetismo',NULL,'APU',NULL,NULL),(694,'Ejercicios Resueltos - Dielectricos #01',NULL,'APU',NULL,NULL),(693,'Ejercicios Resueltos - Coulomb #06',NULL,'APU',NULL,NULL),(692,'Ejercicios Resueltos - Coulomb #05',NULL,'APU',NULL,NULL),(691,'Ejercicios Resueltos - Coulomb #04',NULL,'APU',NULL,NULL),(690,'Ejercicios Resueltos - Coulomb #03',NULL,'APU',NULL,NULL),(689,'Ejercicios Resueltos - Coulomb #02',NULL,'APU',NULL,NULL),(687,'Ejercicios Resueltos - Conductores #01',NULL,'APU',NULL,NULL),(688,'Ejercicios Resueltos - Coulomb #01',NULL,'APU',NULL,NULL),(686,'Ejercicios Resueltos - Circuitos en Corriente Continua  #02',NULL,'APU',NULL,NULL),(685,'Ejercicios Resueltos - Circuitos en Corriente Continua  #01',NULL,'APU',NULL,NULL),(683,'Corriente Alterna',NULL,'APU',NULL,NULL),(684,'Corriente Continua',NULL,'APU',NULL,NULL),(681,'Apunte Transitorios',NULL,'APU',NULL,NULL),(682,'Apunte Transitorios',NULL,'APU',NULL,NULL),(680,'Apunte Osciloscopio',NULL,'APU',NULL,NULL),(678,'TP Cinemática',NULL,'APU',NULL,NULL),(679,'TP Cinemática, Intro y ejercicios',NULL,'APU',NULL,NULL),(676,'Ondas Sonoras',NULL,'APU',NULL,NULL),(677,'Teoría de la Medida',NULL,'APU',NULL,NULL),(675,'Ondas Mecanicas',NULL,'APU',NULL,NULL),(674,'Movimiento Armonico Simple',NULL,'APU',NULL,NULL),(673,'Introducción al cálculo de errores y cálculo diferencial',NULL,'APU',NULL,NULL),(672,'Intro Teoría de la medida',NULL,'APU',NULL,NULL),(661,'Tabla de transformadas de Laplace',NULL,'APU',NULL,NULL),(662,'Teorema de Fuchs',NULL,'APU',NULL,NULL),(663,'Transformada de Fourier',NULL,'APU',NULL,NULL),(664,'BSV',NULL,'APU',NULL,NULL),(665,'Hilbert Space Methods for Partial Differential Equations ',NULL,'APU',NULL,NULL),(666,'Methods of Applied Mathematics ',NULL,'APU',NULL,NULL),(667,'3 Problemas Tipicos de Cinemática y Dinámica',NULL,'APU',NULL,NULL),(668,'Apuntes Curso Garea',NULL,'APU',NULL,NULL),(669,'Guia TP Péndulo Ideal y Resorte',NULL,'APU',NULL,NULL),(670,'Guía TP Resonancia y teoría',NULL,'APU',NULL,NULL),(671,'Guía TP Teoría de la Medida y Ejercicios complementarios',NULL,'APU',NULL,NULL),(849,'Inferencia Varianzas',NULL,'APU',NULL,NULL),(848,'Inferencia no paramétrica',NULL,'APU',NULL,NULL),(847,'Inferencia Medias Con Desvio Desconocido',NULL,'APU',NULL,NULL),(845,'Inferencia en normal',NULL,'APU',NULL,NULL),(846,'Inferencia Medias Con Desvio Conocido',NULL,'APU',NULL,NULL),(844,'Inferencia Comparacion Varianzas',NULL,'APU',NULL,NULL),(843,'Inferencia Comparacion Medias',NULL,'APU',NULL,NULL),(842,'Inferencia Bernoulli y Poisson',NULL,'APU',NULL,NULL),(841,'Formulas 2',NULL,'APU',NULL,NULL),(839,'Esperanza Parcial',NULL,'APU',NULL,NULL),(840,'Formulas 1',NULL,'APU',NULL,NULL),(838,'Esperanza matemática parcial 2a Parte',NULL,'APU',NULL,NULL),(837,'Esperanza matemática parcial 1a Parte',NULL,'APU',NULL,NULL),(836,'Distribuciones',NULL,'APU',NULL,NULL),(835,'Combinación de variables aleatorias',NULL,'APU',NULL,NULL),(834,'Clase 1',NULL,'APU',NULL,NULL),(833,'Análisis de la varianza',NULL,'APU',NULL,NULL),(832,'Transformada Discreta de Fourier',NULL,'APU',NULL,NULL),(831,'Teoría de los Circuitos parte III',NULL,'APU',NULL,NULL),(830,'Teoría de los Circuitos parte II',NULL,'APU',NULL,NULL),(829,'Teoría de los Circuitos parte I',NULL,'APU',NULL,NULL),(827,'Guía de ejercicios, serie J',NULL,'APU',NULL,NULL),(825,'Guía de ejercicios, serie H',NULL,'APU',NULL,NULL),(826,'Guía de ejercicios, serie I',NULL,'APU',NULL,NULL),(824,'Guía de ejercicios, serie G',NULL,'APU',NULL,NULL),(823,'Guía de ejercicios, serie F',NULL,'APU',NULL,NULL),(822,'Guía de ejercicios, serie E',NULL,'APU',NULL,NULL),(821,'Guía de ejercicios, serie D',NULL,'APU',NULL,NULL),(820,'Guía de ejercicios, serie C',NULL,'APU',NULL,NULL),(819,'Guía de ejercicios, serie B',NULL,'APU',NULL,NULL),(818,'Guía de ejercicios, serie A',NULL,'APU',NULL,NULL),(817,'Apuntes',NULL,'APU',NULL,NULL),(816,'Coloquio fecha 03/03/2003',NULL,'APU',NULL,NULL),(815,'Proyecto de Biogas',NULL,'APU',NULL,NULL),(813,'Energía Geotérmica',NULL,'APU',NULL,NULL),(814,'Plataforma Solar Almería',NULL,'APU',NULL,NULL),(811,'Estudio de Fallas Reales',NULL,'APU',NULL,NULL),(812,'Cosechas Energéticas',NULL,'APU',NULL,NULL),(810,'El Mercado Eléctrico Mayorista',NULL,'APU',NULL,NULL),(808,'Proyecto Eléctrico Industrial',NULL,'APU',NULL,NULL),(809,'Proyectos de Aplicaciones Industriales de la Energía Eléctrica',NULL,'APU',NULL,NULL),(806,'Apunte Teórico Accionamientos Eléctricos',NULL,'APU',NULL,NULL),(807,'Barras de Cobre',NULL,'APU',NULL,NULL),(804,'Ecuaciones de Redes II',NULL,'APU',NULL,NULL),(805,'Fundamentos de Turbinas a vapor',NULL,'APU',NULL,NULL),(803,'Ecuaciones de Redes',NULL,'APU',NULL,NULL),(799,'Guía TP 2',NULL,'APU',NULL,NULL),(800,'Guía TP 3',NULL,'APU',NULL,NULL),(801,'Guía TP 4',NULL,'APU',NULL,NULL),(802,'Circuitos No Lineales - Régimen Permanente',NULL,'APU',NULL,NULL),(796,'Guía Ejercicios',NULL,'APU',NULL,NULL),(797,'Guía de Ejercicios',NULL,'APU',NULL,NULL),(798,'Guía TP 1',NULL,'APU',NULL,NULL),(795,'Guía de TPs',NULL,'APU',NULL,NULL),(794,'Teorema de los Trabajos Virtuales',NULL,'APU',NULL,NULL),(793,'Tabla de características geométricas de algunas figuras',NULL,'APU',NULL,NULL),(792,'Parcial Resuelto de Geometria de las Superficies',NULL,'APU',NULL,NULL),(791,'Parcial resuelto de Geometría de las Superficies',NULL,'APU',NULL,NULL),(790,'Cables',NULL,'APU',NULL,NULL),(789,'Arcos',NULL,'APU',NULL,NULL),(788,'Termodinámica',NULL,'APU',NULL,NULL),(850,'Principios de Inferencia',NULL,'APU',NULL,NULL),(851,'Problemas económicos',NULL,'APU',NULL,NULL),(852,'Regresión multiple',NULL,'APU',NULL,NULL),(853,'Regresión Múltiple Archivo Excel',NULL,'APU',NULL,NULL),(854,'Regresión simple',NULL,'APU',NULL,NULL),(855,'Tablas',NULL,'APU',NULL,NULL),(856,'Técnicas de Muestreo',NULL,'APU',NULL,NULL),(857,'Análisis de Valor',NULL,'APU',NULL,NULL),(858,'Concepto de Ingeniero Industrial',NULL,'APU',NULL,NULL),(859,'Control Esdístico de la calidad',NULL,'APU',NULL,NULL),(860,'Cronometraje',NULL,'APU',NULL,NULL),(861,'diseño industrial',NULL,'APU',NULL,NULL),(862,'Ergonomía',NULL,'APU',NULL,NULL),(863,'Estudio de Métodos',NULL,'APU',NULL,NULL),(864,'Ingeniería de Procesos',NULL,'APU',NULL,NULL),(865,'Ingeniería de Producto',NULL,'APU',NULL,NULL),(866,'Intr. a la estructura de la empresa',NULL,'APU',NULL,NULL),(867,'Layout',NULL,'APU',NULL,NULL),(868,'Movimiento de materiales',NULL,'APU',NULL,NULL),(869,'Muestreo del trabajo',NULL,'APU',NULL,NULL),(870,'Organización Industrial 1',NULL,'APU',NULL,NULL),(871,'Racionalización administrativa',NULL,'APU',NULL,NULL),(872,'Tiene cualidades para ser gerente general',NULL,'APU',NULL,NULL),(873,'Tp numero 1 A',NULL,'APU',NULL,NULL),(874,'Apuntes Teóricos',NULL,'APU',NULL,NULL),(875,'Ejercicios Complementarios',NULL,'APU',NULL,NULL),(876,'Guía de Trabajos Prácticos',NULL,'APU',NULL,NULL),(877,'Trabajo Practico #1 año 2002',NULL,'APU',NULL,NULL),(878,'Trabajo Practico #1 año 2003',NULL,'APU',NULL,NULL),(879,'Trabajo Practico #10 año 2002',NULL,'APU',NULL,NULL),(880,'Trabajo Practico #11 año 2002',NULL,'APU',NULL,NULL),(881,'Trabajo Practico #11 año 2003',NULL,'APU',NULL,NULL),(882,'Trabajo Practico #2 año 2002',NULL,'APU',NULL,NULL),(883,'Trabajo Practico #3y4 año 2002',NULL,'APU',NULL,NULL),(884,'Trabajo Practico #5 año 2002',NULL,'APU',NULL,NULL),(885,'Trabajo Practico #6 año 2002',NULL,'APU',NULL,NULL),(886,'Trabajo Practico #7 año 2002',NULL,'APU',NULL,NULL),(887,'Trabajo Practico #8 año 2002',NULL,'APU',NULL,NULL),(888,'Clases 1-5',NULL,'APU',NULL,NULL),(889,'Clases 12-18',NULL,'APU',NULL,NULL),(890,'Clases 6-11',NULL,'APU',NULL,NULL),(891,'Ingenieria Legal I',NULL,'APU',NULL,NULL),(892,'Ingenieria Legal II',NULL,'APU',NULL,NULL),(893,'Pericias',NULL,'APU',NULL,NULL),(894,'Apuntes Parte 1',NULL,'APU',NULL,NULL),(895,'Apuntes Parte 2',NULL,'APU',NULL,NULL),(896,'Apuntes Parte 3',NULL,'APU',NULL,NULL),(897,'Manual de Pascal',NULL,'APU',NULL,NULL),(899,'C Standard Library',NULL,'APU',NULL,NULL),(900,'Compilación con GCC/DJGPP',NULL,'APU',NULL,NULL),(928,'Memoria y Punteros',NULL,'APU',NULL,NULL),(906,'Guia complementaria',NULL,'APU',NULL,NULL),(907,'Guia Nº01 ',NULL,'APU',NULL,NULL),(908,'Guia Nº02',NULL,'APU',NULL,NULL),(909,'Guia Nº03',NULL,'APU',NULL,NULL),(910,'Guia Nº04',NULL,'APU',NULL,NULL),(911,'Guia Nº05',NULL,'APU',NULL,NULL),(912,'Guia Nº06',NULL,'APU',NULL,NULL),(913,'Guia Nº07',NULL,'APU',NULL,NULL),(914,'Guia Nº08',NULL,'APU',NULL,NULL),(915,'Guia Nº09',NULL,'APU',NULL,NULL),(916,'Guia Nº10',NULL,'APU',NULL,NULL),(917,'Guia Nº11',NULL,'APU',NULL,NULL),(918,'Guia Nº12',NULL,'APU',NULL,NULL),(919,'Guia Nº13',NULL,'APU',NULL,NULL),(920,'Guia Nº14',NULL,'APU',NULL,NULL),(921,'IEEE',NULL,'APU',NULL,NULL),(922,'ISO-8859-1',NULL,'APU',NULL,NULL),(923,'Resumen de las Clases',NULL,'APU',NULL,NULL),(924,'Apuntes y Ejercicios teóricos',NULL,'APU',NULL,NULL),(925,'Apuntes, Ejercicios teóricos',NULL,'APU',NULL,NULL),(926,'Introduccion a c++ - Compilacion',NULL,'APU',NULL,NULL),(927,'Introduccion a C++ - Sintaxis Basica',NULL,'APU',NULL,NULL);
/*!40000 ALTER TABLE `aleph_documento` ENABLE KEYS */;
UNLOCK TABLES;

--
-- Table structure for table `aleph_archivo`
--

DROP TABLE IF EXISTS `aleph_archivo`;
SET @saved_cs_client     = @@character_set_client;
SET character_set_client = utf8;
CREATE TABLE `aleph_archivo` (
  `id` int(11) NOT NULL auto_increment,
  `documento_id` int(11) NOT NULL,
  `link` varchar(200) NOT NULL,
  `subido_por_id` int(11) NOT NULL,
  `fecha_subida` datetime NOT NULL,
  `detalles` longtext,
  PRIMARY KEY  (`id`),
  KEY `aleph_archivo_63bbc4e7` (`documento_id`),
  KEY `aleph_archivo_5680c6a8` (`subido_por_id`)
) ENGINE=MyISAM AUTO_INCREMENT=930 DEFAULT CHARSET=latin1;
SET character_set_client = @saved_cs_client;

--
-- Dumping data for table `aleph_archivo`
--

LOCK TABLES `aleph_archivo` WRITE;
/*!40000 ALTER TABLE `aleph_archivo` DISABLE KEYS */;
INSERT INTO `aleph_archivo` VALUES (623,615,'http://ifile.it/d02anhf',1,'2012-02-19 09:15:17',NULL),(624,616,'http://ifile.it/6x9jkac',1,'2012-02-19 09:15:25',NULL),(625,617,'http://ifile.it/wu73li6',1,'2012-02-19 09:17:14',NULL),(626,618,'http://ifile.it/rixmop8',1,'2012-02-19 09:19:51',NULL),(627,619,'http://ifile.it/kfdu0ha',1,'2012-02-19 09:20:55',NULL),(628,620,'http://ifile.it/aeftbkq',1,'2012-02-19 09:23:27',NULL),(629,621,'http://ifile.it/vserkjz',1,'2012-02-19 09:25:06',NULL),(630,622,'http://ifile.it/hflmgdv',1,'2012-02-19 09:25:12',NULL),(631,623,'http://ifile.it/r67w8d3',1,'2012-02-19 09:25:18',NULL),(632,624,'http://ifile.it/evoflha',1,'2012-02-19 09:25:23',NULL),(633,625,'http://ifile.it/1iwh23r',1,'2012-02-19 09:25:32',NULL),(634,626,'http://ifile.it/41t7v3j',1,'2012-02-19 09:25:37',NULL),(635,627,'http://ifile.it/6oza38i',1,'2012-02-19 09:25:41',NULL),(636,628,'http://ifile.it/imuxa76',1,'2012-02-19 09:26:09',NULL),(637,629,'http://ifile.it/v3jl0sp',1,'2012-02-19 09:26:22',NULL),(638,630,'http://ifile.it/p5am94h',1,'2012-02-19 09:26:27',NULL),(639,631,'http://ifile.it/snkej5t',1,'2012-02-19 09:26:32',NULL),(640,632,'http://ifile.it/k2hgf0j',1,'2012-02-19 09:26:36',NULL),(641,633,'http://ifile.it/4a9zijn',1,'2012-02-19 09:26:40',NULL),(642,634,'http://ifile.it/ybqh1gc',1,'2012-02-19 09:26:49',NULL),(643,635,'http://ifile.it/8fixbgl',1,'2012-02-19 09:26:53',NULL),(644,636,'http://ifile.it/edtwcr0',1,'2012-02-19 09:26:57',NULL),(645,637,'http://ifile.it/kipoy0u',1,'2012-02-19 09:27:00',NULL),(646,638,'http://ifile.it/ortsjm5',1,'2012-02-19 09:27:06',NULL),(647,639,'http://ifile.it/wxul6mq',1,'2012-02-19 09:27:12',NULL),(648,640,'http://ifile.it/73s8qmf',1,'2012-02-19 09:27:18',NULL),(649,641,'http://ifile.it/rpbl1i5',1,'2012-02-19 09:27:22',NULL),(650,642,'http://ifile.it/iv7839q',1,'2012-02-19 09:27:26',NULL),(651,643,'http://ifile.it/z49udws',1,'2012-02-19 09:27:31',NULL),(652,644,'http://ifile.it/tb4elzg',1,'2012-02-19 09:27:35',NULL),(653,645,'http://ifile.it/x05h123',1,'2012-02-19 09:27:40',NULL),(654,646,'http://ifile.it/kmrzgys',1,'2012-02-19 09:27:45',NULL),(655,647,'http://ifile.it/3pjsbdm',1,'2012-02-19 09:27:50',NULL),(656,648,'http://ifile.it/7wsinq9',1,'2012-02-19 09:27:56',NULL),(657,649,'http://ifile.it/slukpf8',1,'2012-02-19 09:28:01',NULL),(658,650,'http://ifile.it/oz9jdr5',1,'2012-02-19 09:28:05',NULL),(659,651,'http://ifile.it/zw794fd',1,'2012-02-19 09:28:09',NULL),(660,652,'http://ifile.it/gw3je0q',1,'2012-02-19 09:28:16',NULL),(661,653,'http://ifile.it/o1fpjt8',1,'2012-02-19 09:28:43',NULL),(662,654,'http://ifile.it/uxyn69w',1,'2012-02-19 09:28:53',NULL),(663,655,'http://ifile.it/rp9mncl',1,'2012-02-19 09:29:01',NULL),(664,656,'http://ifile.it/7lyozsh',1,'2012-02-19 09:29:16',NULL),(665,657,'http://ifile.it/7obx0m6',1,'2012-02-19 09:29:24',NULL),(666,658,'http://ifile.it/mnq9apw',1,'2012-02-19 09:29:29',NULL),(667,659,'http://ifile.it/9tgylvd',1,'2012-02-19 09:29:35',NULL),(668,660,'http://ifile.it/2jd13ks',1,'2012-02-19 09:29:39',NULL),(669,661,'http://ifile.it/m7zk2w5',1,'2012-02-19 09:29:43',NULL),(670,662,'http://ifile.it/cetu5h1',1,'2012-02-19 09:29:48',NULL),(671,663,'http://ifile.it/sgj0hex',1,'2012-02-19 09:30:07',NULL),(672,664,'http://ifile.it/9p8jcsv',1,'2012-02-19 09:30:36',NULL),(673,665,'http://ifile.it/2ytxlja',1,'2012-02-19 09:31:11',NULL),(674,666,'http://ifile.it/kn4d72o',1,'2012-02-19 09:31:55',NULL),(675,667,'http://ifile.it/xbadgjn',1,'2012-02-19 09:32:01',NULL),(676,668,'http://ifile.it/p2vz1qs',1,'2012-02-19 09:34:17',NULL),(677,669,'http://ifile.it/vmb6cpn',1,'2012-02-19 09:34:25',NULL),(678,670,'http://ifile.it/6mgezsf',1,'2012-02-19 09:34:36',NULL),(679,671,'http://ifile.it/s041vt2',1,'2012-02-19 09:34:48',NULL),(680,672,'http://ifile.it/pi28ko9',1,'2012-02-19 09:35:03',NULL),(681,673,'http://ifile.it/s7te5bg',1,'2012-02-19 09:35:28',NULL),(682,674,'http://ifile.it/w70eady',1,'2012-02-19 09:35:39',NULL),(683,675,'http://ifile.it/rjgbwd7',1,'2012-02-19 09:36:05',NULL),(684,676,'http://ifile.it/b05m8wh',1,'2012-02-19 09:36:23',NULL),(685,677,'http://ifile.it/ehmuxnl',1,'2012-02-19 09:36:56',NULL),(686,678,'http://ifile.it/r0dzas1',1,'2012-02-19 09:37:03',NULL),(687,679,'http://ifile.it/2q8tr54',1,'2012-02-19 09:37:13',NULL),(688,680,'http://ifile.it/b5q7c0p',1,'2012-02-19 09:37:31',NULL),(689,681,'http://ifile.it/41m2ur9',1,'2012-02-19 09:37:37',NULL),(690,682,'http://ifile.it/nwkei16',1,'2012-02-19 09:37:49',NULL),(691,683,'http://ifile.it/1wmlreu',1,'2012-02-19 09:37:57',NULL),(692,684,'http://ifile.it/aycfb8n',1,'2012-02-19 09:38:08',NULL),(693,685,'http://ifile.it/hgnw9o8',1,'2012-02-19 09:38:15',NULL),(694,686,'http://ifile.it/ekl6gvy',1,'2012-02-19 09:38:21',NULL),(695,687,'http://ifile.it/slth6x9',1,'2012-02-19 09:38:28',NULL),(696,688,'http://ifile.it/kn81gwf',1,'2012-02-19 09:38:32',NULL),(697,689,'http://ifile.it/725vbou',1,'2012-02-19 09:38:39',NULL),(698,690,'http://ifile.it/n1t27r4',1,'2012-02-19 09:38:44',NULL),(699,691,'http://ifile.it/w6pdz9u',1,'2012-02-19 09:38:49',NULL),(700,692,'http://ifile.it/qi72gbl',1,'2012-02-19 09:38:53',NULL),(701,693,'http://ifile.it/0jqdxzg',1,'2012-02-19 09:38:57',NULL),(702,694,'http://ifile.it/n27e4vy',1,'2012-02-19 09:39:04',NULL),(703,695,'http://ifile.it/rqi6vc3',1,'2012-02-19 09:39:21',NULL),(704,696,'http://ifile.it/dqarl28',1,'2012-02-19 09:39:32',NULL),(705,697,'http://ifile.it/l1qvmsd',1,'2012-02-19 09:39:40',NULL),(706,698,'http://ifile.it/75aecwp',1,'2012-02-19 09:39:45',NULL),(707,699,'http://ifile.it/u6co5ki',1,'2012-02-19 09:39:58',NULL),(708,700,'http://ifile.it/bceuqkl',1,'2012-02-19 09:40:06',NULL),(709,701,'http://ifile.it/pm3ua16',1,'2012-02-19 09:40:43',NULL),(710,702,'http://ifile.it/08m96k3',1,'2012-02-19 09:41:35',NULL),(711,703,'http://ifile.it/col3spe',1,'2012-02-19 09:41:42',NULL),(712,704,'http://ifile.it/ul0gwne',1,'2012-02-19 09:42:01',NULL),(713,705,'http://ifile.it/px4cdjm',1,'2012-02-19 09:42:24',NULL),(714,706,'http://ifile.it/gmkr8tu',1,'2012-02-19 09:42:46',NULL),(715,707,'http://ifile.it/0pr8qtk',1,'2012-02-19 09:42:50',NULL),(716,708,'http://ifile.it/7nihevl',1,'2012-02-19 09:42:56',NULL),(717,709,'http://ifile.it/h091w5d',1,'2012-02-19 09:43:02',NULL),(718,710,'http://ifile.it/ox5ln7c',1,'2012-02-19 09:43:07',NULL),(719,711,'http://ifile.it/rebxdac',1,'2012-02-19 09:43:12',NULL),(720,712,'http://ifile.it/qcpkb5h',1,'2012-02-19 09:43:19',NULL),(721,713,'http://ifile.it/bzu3v0r',1,'2012-02-19 09:43:25',NULL),(722,714,'http://ifile.it/txoiy4j',1,'2012-02-19 09:44:37',NULL),(723,715,'http://ifile.it/brdc8pj',1,'2012-02-19 09:44:46',NULL),(724,716,'http://ifile.it/cyevx4d',1,'2012-02-19 09:45:03',NULL),(725,717,'http://ifile.it/rsf32e4',1,'2012-02-19 09:45:29',NULL),(726,718,'http://ifile.it/3p27h5l',1,'2012-02-19 09:45:35',NULL),(727,719,'http://ifile.it/5mjb23n',1,'2012-02-19 09:45:48',NULL),(728,720,'http://ifile.it/ie7k6dv',1,'2012-02-19 09:45:54',NULL),(729,721,'http://ifile.it/oh7m2vu',1,'2012-02-19 09:46:23',NULL),(730,722,'http://ifile.it/5qk197s',1,'2012-02-19 09:46:32',NULL),(731,723,'http://ifile.it/2ju9zh4',1,'2012-02-19 09:46:36',NULL),(732,724,'http://ifile.it/1wn82y0',1,'2012-02-19 09:46:42',NULL),(733,725,'http://ifile.it/8kfe693',1,'2012-02-19 09:46:46',NULL),(734,726,'http://ifile.it/myl6owk',1,'2012-02-19 09:46:49',NULL),(735,727,'http://ifile.it/bluxh70',1,'2012-02-19 09:46:52',NULL),(736,728,'http://ifile.it/20lh4q1',1,'2012-02-19 09:46:56',NULL),(737,729,'http://ifile.it/rs0npml',1,'2012-02-19 09:46:59',NULL),(738,730,'http://ifile.it/s6hol1y',1,'2012-02-19 09:47:03',NULL),(739,731,'http://ifile.it/in8kylx',1,'2012-02-19 09:47:08',NULL),(740,732,'http://ifile.it/uk085rw',1,'2012-02-19 09:47:11',NULL),(741,733,'http://ifile.it/lkego15',1,'2012-02-19 09:47:15',NULL),(742,734,'http://ifile.it/6e9dbj3',1,'2012-02-19 09:47:18',NULL),(743,735,'http://ifile.it/h8ixq3v',1,'2012-02-19 09:47:22',NULL),(744,736,'http://ifile.it/0c9v6qm',1,'2012-02-19 09:47:25',NULL),(745,737,'http://ifile.it/42u1th7',1,'2012-02-19 09:47:28',NULL),(746,738,'http://ifile.it/ekyraq5',1,'2012-02-19 09:47:33',NULL),(747,739,'http://ifile.it/0ij8x6e',1,'2012-02-19 09:47:47',NULL),(748,740,'http://ifile.it/wxtp43n',1,'2012-02-19 09:47:52',NULL),(749,741,'http://ifile.it/jecv7ri',1,'2012-02-19 09:48:02',NULL),(750,742,'http://ifile.it/xfi4edg',1,'2012-02-19 09:48:15',NULL),(751,743,'http://ifile.it/kdt46c0',1,'2012-02-19 09:48:31',NULL),(752,744,'http://ifile.it/z1p2mew',1,'2012-02-19 09:48:41',NULL),(753,745,'http://ifile.it/mbrl2ep',1,'2012-02-19 09:48:46',NULL),(754,746,'http://ifile.it/id5qosm',1,'2012-02-19 09:48:50',NULL),(755,747,'http://ifile.it/5d9cegt',1,'2012-02-19 09:49:11',NULL),(756,748,'http://ifile.it/8h1wm0f',1,'2012-02-19 09:49:17',NULL),(757,749,'http://ifile.it/k605h4b',1,'2012-02-19 09:49:26',NULL),(758,750,'http://ifile.it/hwxi4t2',1,'2012-02-19 09:50:05',NULL),(759,751,'http://ifile.it/0oz7rk9',1,'2012-02-19 09:50:27',NULL),(760,752,'http://ifile.it/80qfidl',1,'2012-02-19 09:51:10',NULL),(761,753,'http://ifile.it/39eaxfw',1,'2012-02-19 09:51:16',NULL),(762,754,'http://ifile.it/i9y4hax',1,'2012-02-19 09:51:20',NULL),(763,755,'http://ifile.it/tgqku6z',1,'2012-02-19 09:51:33',NULL),(764,756,'http://ifile.it/0qb3udp',1,'2012-02-19 09:51:38',NULL),(765,757,'http://ifile.it/25ctr6s',1,'2012-02-19 09:52:29',NULL),(766,758,'http://ifile.it/alw73r1',1,'2012-02-19 09:52:47',NULL),(767,759,'http://ifile.it/tjeyo2n',1,'2012-02-19 09:52:55',NULL),(768,760,'http://ifile.it/m40nt6x',1,'2012-02-19 09:53:27',NULL),(769,761,'http://ifile.it/912fe7x',1,'2012-02-19 09:53:38',NULL),(770,762,'http://ifile.it/qokbvfy',1,'2012-02-19 09:53:56',NULL),(771,763,'http://ifile.it/ocai8xe',1,'2012-02-19 09:54:18',NULL),(772,764,'http://ifile.it/281q9la',1,'2012-02-19 09:54:55',NULL),(773,765,'http://ifile.it/payhngf',1,'2012-02-19 09:55:03',NULL),(774,766,'http://ifile.it/yviw9d8',1,'2012-02-19 09:55:17',NULL),(775,767,'http://ifile.it/m1iuq8o',1,'2012-02-19 09:55:30',NULL),(776,768,'http://ifile.it/br2tqzl',1,'2012-02-19 09:55:44',NULL),(777,769,'http://ifile.it/g9jpe8l',1,'2012-02-19 09:56:16',NULL),(778,770,'http://ifile.it/rd0o63p',1,'2012-02-19 09:56:37',NULL),(779,771,'http://ifile.it/gr9hw6d',1,'2012-02-19 09:56:49',NULL),(780,772,'http://ifile.it/vdx8ing',1,'2012-02-19 09:56:55',NULL),(781,773,'http://ifile.it/wbzd6ix',1,'2012-02-19 09:56:59',NULL),(782,774,'http://ifile.it/9d85z4j',1,'2012-02-19 09:57:33',NULL),(783,775,'http://ifile.it/pawhvon',1,'2012-02-19 09:57:51',NULL),(784,776,'http://ifile.it/831sdca',1,'2012-02-19 09:58:00',NULL),(785,777,'http://ifile.it/u5b2j1r',1,'2012-02-19 09:58:06',NULL),(786,778,'http://ifile.it/j94xkwf',1,'2012-02-19 09:58:09',NULL),(787,779,'http://ifile.it/m6pv34n',1,'2012-02-19 09:58:16',NULL),(788,780,'http://ifile.it/3fdtpbc',1,'2012-02-19 09:58:22',NULL),(789,781,'http://ifile.it/vr7q0mh',1,'2012-02-19 09:59:26',NULL),(790,782,'http://ifile.it/b58294s',1,'2012-02-19 09:59:46',NULL),(791,783,'http://ifile.it/qhl27su',1,'2012-02-19 10:00:40',NULL),(792,784,'http://ifile.it/2oqxy8t',1,'2012-02-19 10:01:22',NULL),(793,785,'http://ifile.it/dh6o87s',1,'2012-02-19 10:02:30',NULL),(794,786,'http://ifile.it/fubc7y9',1,'2012-02-19 10:03:32',NULL),(795,787,'http://ifile.it/hui52bl',1,'2012-02-19 10:05:07',NULL),(796,788,'http://ifile.it/afid1or',1,'2012-02-19 10:05:32',NULL),(797,789,'http://ifile.it/dz7u2bl',1,'2012-02-19 10:05:39',NULL),(798,790,'http://ifile.it/0wl3axu',1,'2012-02-19 10:05:45',NULL),(799,791,'http://ifile.it/xea6wsf',1,'2012-02-19 10:05:49',NULL),(800,792,'http://ifile.it/673cz95',1,'2012-02-19 10:05:52',NULL),(801,793,'http://ifile.it/imf1bsc',1,'2012-02-19 10:05:55',NULL),(802,794,'http://ifile.it/dg9blev',1,'2012-02-19 10:06:05',NULL),(803,795,'http://ifile.it/uenfbaz',1,'2012-02-19 10:06:14',NULL),(804,796,'http://ifile.it/46kjfbt',1,'2012-02-19 10:06:19',NULL),(805,797,'http://ifile.it/08nv7cf',1,'2012-02-19 10:07:05',NULL),(806,798,'http://ifile.it/tiugxyw',1,'2012-02-19 10:07:42',NULL),(807,799,'http://ifile.it/cjfqts6',1,'2012-02-19 10:08:07',NULL),(808,800,'http://ifile.it/2o6hcf5',1,'2012-02-19 10:08:34',NULL),(809,801,'http://ifile.it/iylmsfd',1,'2012-02-19 10:09:02',NULL),(810,802,'http://ifile.it/j59qe6p',1,'2012-02-19 10:10:12',NULL),(811,803,'http://ifile.it/7k2qjtp',1,'2012-02-19 10:10:29',NULL),(812,804,'http://ifile.it/64winvr',1,'2012-02-19 10:10:33',NULL),(813,805,'http://ifile.it/9f456c2',1,'2012-02-19 10:11:43',NULL),(814,806,'http://ifile.it/bpqn720',1,'2012-02-19 10:12:33',NULL),(815,807,'http://ifile.it/fkr624q',1,'2012-02-19 10:12:57',NULL),(816,808,'http://ifile.it/twkjrh0',1,'2012-02-19 10:13:16',NULL),(817,809,'http://ifile.it/074jbfz',1,'2012-02-19 10:14:16',NULL),(818,810,'http://ifile.it/ed30pm4',1,'2012-02-19 10:14:34',NULL),(819,811,'http://ifile.it/yfpn7c0',1,'2012-02-19 10:15:11',NULL),(820,812,'http://ifile.it/jdrhbms',1,'2012-02-19 10:16:04',NULL),(821,813,'http://ifile.it/v1imgkf',1,'2012-02-19 10:23:12',NULL),(822,814,'http://ifile.it/42oq8du',1,'2012-02-19 10:23:26',NULL),(823,815,'http://ifile.it/kz1ijl5',1,'2012-02-19 10:24:15',NULL),(824,816,'http://ifile.it/czphmrv',1,'2012-02-19 10:24:19',NULL),(825,817,'http://ifile.it/698k3fx',1,'2012-02-19 10:27:18',NULL),(826,818,'http://ifile.it/u9rb68k',1,'2012-02-19 10:27:26',NULL),(827,819,'http://ifile.it/sbra3n5',1,'2012-02-19 10:27:30',NULL),(828,820,'http://ifile.it/r1ao6v5',1,'2012-02-19 10:27:37',NULL),(829,821,'http://ifile.it/g5atd16',1,'2012-02-19 10:27:42',NULL),(830,822,'http://ifile.it/4sahv5d',1,'2012-02-19 10:27:51',NULL),(831,823,'http://ifile.it/rlfcj68',1,'2012-02-19 10:27:59',NULL),(832,824,'http://ifile.it/xwek1f0',1,'2012-02-19 10:28:04',NULL),(833,825,'http://ifile.it/61ef85j',1,'2012-02-19 10:28:07',NULL),(834,826,'http://ifile.it/03oqai7',1,'2012-02-19 10:28:11',NULL),(835,827,'http://ifile.it/lq0x81z',1,'2012-02-19 10:28:16',NULL),(836,829,'http://ifile.it/50r37nf',1,'2012-02-19 14:56:26',NULL),(837,830,'http://ifile.it/gc2ki8f',1,'2012-02-19 14:58:21',NULL),(838,831,'http://ifile.it/dvjhs4p',1,'2012-02-19 14:58:54',NULL),(839,832,'http://ifile.it/72o8tcl',1,'2012-02-19 14:59:02',NULL),(840,833,'http://ifile.it/1ziyn2r',1,'2012-02-19 14:59:09',NULL),(841,834,'http://ifile.it/uc2470j',1,'2012-02-19 14:59:18',NULL),(842,835,'http://ifile.it/8she5iz',1,'2012-02-19 14:59:23',NULL),(843,836,'http://ifile.it/oarkn2u',1,'2012-02-19 14:59:29',NULL),(844,837,'http://ifile.it/j98ugfr',1,'2012-02-19 14:59:44',NULL),(845,838,'http://ifile.it/9uhwx32',1,'2012-02-19 14:59:55',NULL),(846,839,'http://ifile.it/2jenb87',1,'2012-02-19 15:00:00',NULL),(847,840,'http://ifile.it/645zvoj',1,'2012-02-19 15:00:34',NULL),(848,841,'http://ifile.it/ixkeub2',1,'2012-02-19 15:01:05',NULL),(849,842,'http://ifile.it/g27kf8v',1,'2012-02-19 15:01:11',NULL),(850,843,'http://ifile.it/0pytwhq',1,'2012-02-19 15:01:24',NULL),(851,844,'http://ifile.it/or7cg6k',1,'2012-02-19 15:01:31',NULL),(852,845,'http://ifile.it/ndw3ksg',1,'2012-02-19 15:01:38',NULL),(853,846,'http://ifile.it/cfukq6a',1,'2012-02-19 15:01:46',NULL),(854,847,'http://ifile.it/o1u8p05',1,'2012-02-19 15:01:51',NULL),(855,848,'http://ifile.it/udz1tk5',1,'2012-02-19 15:01:58',NULL),(856,849,'http://ifile.it/c1vgq0p',1,'2012-02-19 15:02:04',NULL),(857,850,'http://ifile.it/y2idc6u',1,'2012-02-19 15:02:10',NULL),(858,851,'http://ifile.it/0uhxgtf',1,'2012-02-19 15:02:15',NULL),(859,852,'http://ifile.it/6sxaehz',1,'2012-02-19 15:02:20',NULL),(860,853,'http://ifile.it/rf6jmsz',1,'2012-02-19 15:02:28',NULL),(861,854,'http://ifile.it/oy45zgj',1,'2012-02-19 15:02:33',NULL),(862,855,'http://ifile.it/d64huac',1,'2012-02-19 15:02:40',NULL),(863,856,'http://ifile.it/6wxnmqr',1,'2012-02-19 15:02:44',NULL),(864,857,'http://ifile.it/cr029b4',1,'2012-02-19 15:03:06',NULL),(865,858,'http://ifile.it/tzjvc0e',1,'2012-02-19 15:03:21',NULL),(866,859,'http://ifile.it/z9xd8kl',1,'2012-02-19 15:06:52',NULL),(867,860,'http://ifile.it/i5hxlgm',1,'2012-02-19 15:09:39',NULL),(868,861,'http://ifile.it/fgwlb8m',1,'2012-02-19 15:10:29',NULL),(869,862,'http://ifile.it/ezj6vgf',1,'2012-02-19 15:12:53',NULL),(870,863,'http://ifile.it/mgdw9x8',1,'2012-02-19 15:13:49',NULL),(871,864,'http://ifile.it/l3qjvow',1,'2012-02-19 15:15:23',NULL),(872,865,'http://ifile.it/i89roby',1,'2012-02-19 15:17:48',NULL),(873,866,'http://ifile.it/vta2u73',1,'2012-02-19 15:18:49',NULL),(874,867,'http://ifile.it/bc2zx4u',1,'2012-02-19 15:23:32',NULL),(875,868,'http://ifile.it/fhbqaiv',1,'2012-02-19 15:24:03',NULL),(876,869,'http://ifile.it/8bfha1k',1,'2012-02-19 15:24:51',NULL),(877,870,'http://ifile.it/norfmph',1,'2012-02-19 15:25:23',NULL),(878,871,'http://ifile.it/rlt3m1c',1,'2012-02-19 15:26:14',NULL),(879,872,'http://ifile.it/8m45etr',1,'2012-02-19 15:26:23',NULL),(880,873,'http://ifile.it/rahwt1n',1,'2012-02-19 15:26:35',NULL),(881,874,'http://ifile.it/yiu0nrj',1,'2012-02-19 15:26:59',NULL),(882,875,'http://ifile.it/qyr6btx',1,'2012-02-19 15:27:24',NULL),(883,876,'http://ifile.it/lgp56vr',1,'2012-02-19 15:27:34',NULL),(884,877,'http://ifile.it/yj0kahn',1,'2012-02-19 15:27:39',NULL),(885,878,'http://ifile.it/bmw3q9y',1,'2012-02-19 15:27:43',NULL),(886,879,'http://ifile.it/xtzr259',1,'2012-02-19 15:27:50',NULL),(887,880,'http://ifile.it/p76lhvr',1,'2012-02-19 15:27:54',NULL),(888,881,'http://ifile.it/tucs6ei',1,'2012-02-19 15:27:59',NULL),(889,882,'http://ifile.it/pnra1y6',1,'2012-02-19 15:28:04',NULL),(890,883,'http://ifile.it/dt5bexk',1,'2012-02-19 15:28:07',NULL),(891,884,'http://ifile.it/ad3p4me',1,'2012-02-19 15:28:11',NULL),(892,885,'http://ifile.it/643einb',1,'2012-02-19 15:28:15',NULL),(893,886,'http://ifile.it/1ynx27h',1,'2012-02-19 15:28:18',NULL),(894,887,'http://ifile.it/d70vwqz',1,'2012-02-19 15:28:22',NULL),(895,888,'http://ifile.it/u6e2g3d',1,'2012-02-19 15:28:27',NULL),(896,889,'http://ifile.it/jz78l31',1,'2012-02-19 15:28:30',NULL),(897,890,'http://ifile.it/8zkp7du',1,'2012-02-19 15:28:34',NULL),(898,891,'http://ifile.it/0vj7g3z',1,'2012-02-19 15:28:38',NULL),(899,892,'http://ifile.it/bpik6vm',1,'2012-02-19 15:28:45',NULL),(900,893,'http://ifile.it/5hpocit',1,'2012-02-19 15:28:53',NULL),(901,894,'http://ifile.it/85w9ty7',1,'2012-02-19 15:29:11',NULL),(902,895,'http://ifile.it/ajqoc8m',1,'2012-02-19 15:29:29',NULL),(903,896,'http://ifile.it/yko0i8z',1,'2012-02-19 15:29:34',NULL),(904,897,'http://ifile.it/r8197zk',1,'2012-02-19 15:29:52',NULL),(905,899,'http://ifile.it/mf5nsa6',1,'2012-02-19 16:03:07',NULL),(906,900,'http://ifile.it/8tria3y',1,'2012-02-19 16:03:09',NULL),(907,906,'http://ifile.it/q18idpw',1,'2012-02-19 16:03:26',NULL),(908,907,'http://ifile.it/16pguwz',1,'2012-02-19 16:03:30',NULL),(909,908,'http://ifile.it/1dny8wx',1,'2012-02-19 16:03:33',NULL),(910,909,'http://ifile.it/oi5ugvj',1,'2012-02-19 16:03:36',NULL),(911,910,'http://ifile.it/9gc4t1k',1,'2012-02-19 16:03:40',NULL),(912,911,'http://ifile.it/kat9qf2',1,'2012-02-19 16:03:44',NULL),(913,912,'http://ifile.it/a4w7pqg',1,'2012-02-19 16:03:47',NULL),(914,913,'http://ifile.it/n2izewp',1,'2012-02-19 16:03:49',NULL),(915,914,'http://ifile.it/kp23fgm',1,'2012-02-19 16:03:52',NULL),(916,915,'http://ifile.it/qad2hmj',1,'2012-02-19 16:03:55',NULL),(917,916,'http://ifile.it/lt581co',1,'2012-02-19 16:03:58',NULL),(918,917,'http://ifile.it/xs8kmoc',1,'2012-02-19 16:04:01',NULL),(919,918,'http://ifile.it/ks2nt3i',1,'2012-02-19 16:04:05',NULL),(920,919,'http://ifile.it/dzqaphe',1,'2012-02-19 16:04:07',NULL),(921,920,'http://ifile.it/rq7w6e2',1,'2012-02-19 16:04:10',NULL),(922,921,'http://ifile.it/l8w5gbn',1,'2012-02-19 16:04:13',NULL),(923,922,'http://ifile.it/u6raxgd',1,'2012-02-19 16:04:16',NULL),(924,923,'http://ifile.it/gjyd2ob',1,'2012-02-19 16:04:59',NULL),(925,924,'http://ifile.it/a89gzpu',1,'2012-02-19 16:05:56',NULL),(926,925,'http://ifile.it/b2dn589',1,'2012-02-19 16:06:41',NULL),(927,926,'http://ifile.it/5undflo',1,'2012-02-19 16:06:48',NULL),(928,927,'http://ifile.it/fmbw34o',1,'2012-02-19 16:06:53',NULL),(929,928,'http://ifile.it/ckrbgzm',1,'2012-02-19 16:07:03',NULL);
/*!40000 ALTER TABLE `aleph_archivo` ENABLE KEYS */;
UNLOCK TABLES;

--
-- Table structure for table `aleph_materia`
--

DROP TABLE IF EXISTS `aleph_materia`;
SET @saved_cs_client     = @@character_set_client;
SET character_set_client = utf8;
CREATE TABLE `aleph_materia` (
  `id` int(11) NOT NULL auto_increment,
  `nombre` varchar(80) NOT NULL,
  `carrera_id` int(11) default NULL,
  `codigo` varchar(10) NOT NULL,
  `detalles` longtext,
  PRIMARY KEY  (`id`),
  UNIQUE KEY `codigo` (`codigo`),
  KEY `aleph_materia_781a83bb` (`carrera_id`)
) ENGINE=MyISAM AUTO_INCREMENT=1024 DEFAULT CHARSET=latin1;
SET character_set_client = @saved_cs_client;

--
-- Dumping data for table `aleph_materia`
--

LOCK TABLES `aleph_materia` WRITE;
/*!40000 ALTER TABLE `aleph_materia` DISABLE KEYS */;
INSERT INTO `aleph_materia` VALUES (598,' Teoría de Máquinas Eléctricas I',NULL,'65.13',NULL),(597,' Tecnología de Materiales II',NULL,'65.12',NULL),(596,' Tecnología de Materiales I',NULL,'65.11',NULL),(595,' Teoría de Campos',NULL,'65.10',NULL),(594,' Teoría de Circuitos',NULL,'65.09',NULL),(593,' Máquinas Eléctricas',NULL,'65.06',NULL),(592,' Electrotecnia General C',NULL,'65.05',NULL),(591,' Electrotecnia General B',NULL,'65.04',NULL),(590,' Electrotecnia General A',NULL,'65.03',NULL),(589,' Electrotecnia',NULL,'65.01',NULL),(588,' Tesis de Ingeniería Electricista',NULL,'65.00',NULL),(587,' Dinámica de las Estructuras II',NULL,'64.19',NULL),(586,' Dinámica de las Estructuras',NULL,'64.18',NULL),(585,' Seguridad Estructural',NULL,'64.17',NULL),(584,' Análisis Experimental de Tensiones',NULL,'64.16',NULL),(583,' Estabilidad IV B',NULL,'64.15',NULL),(582,' Método de los Elementos Finitos',NULL,'64.14',NULL),(581,' Estabilidad III B',NULL,'64.13',NULL),(580,' Estabilidad II B',NULL,'64.12',NULL),(579,' Estabilidad I B',NULL,'64.11',NULL),(578,' Estabilidad IV',NULL,'64.10',NULL),(577,' Mecánica de Suelos',NULL,'64.08',NULL),(576,' Estabilidad III A',NULL,'64.07',NULL),(575,' Estática y Resistencia de Materiales B',NULL,'64.05',NULL),(574,' Estática y Resistencia de los Materiales A',NULL,'64.04',NULL),(573,' Comportamiento de Materiales',NULL,'64.03',NULL),(572,' Estabilidad II A',NULL,'64.02',NULL),(571,' Estabilidad I A',NULL,'64.01',NULL),(570,' Tesis de Ingeniería Civil',NULL,'64.00',NULL),(569,' Química Física',NULL,'63.16',NULL),(568,' Química Analítica Instrumental',NULL,'63.15',NULL),(567,' Química Orgánica',NULL,'63.14',NULL),(566,' Química Inorgánica',NULL,'63.13',NULL),(565,' Química Aplicada A',NULL,'63.11',NULL),(564,' Termodinámica Estadística',NULL,'63.10',NULL),(563,' Química Orgánica Especial',NULL,'63.09',NULL),(562,' Análisis Instrumental',NULL,'63.08',NULL),(561,' Química Física II',NULL,'63.07',NULL),(560,' Química Física I',NULL,'63.06',NULL),(559,' Química Analítica',NULL,'63.05',NULL),(558,' Química III',NULL,'63.04',NULL),(557,' Química II',NULL,'63.03',NULL),(556,' Química I',NULL,'63.02',NULL),(555,' Química',NULL,'63.01',NULL),(554,' Física de Fluidos',NULL,'62.18',NULL),(553,' Física III D',NULL,'62.15',NULL),(552,' Física III C',NULL,'62.13',NULL),(551,' Mecánica Racional',NULL,'62.11',NULL),(550,' Física del Estado Sólido',NULL,'62.10',NULL),(549,' Electromagnetismo \"A\"',NULL,'62.09',NULL),(548,' Mecánica II',NULL,'62.07',NULL),(547,' Mecánica I',NULL,'62.06',NULL),(546,' Física III A',NULL,'62.05',NULL),(545,' Física II B',NULL,' 62.04',NULL),(544,' Física II A ',NULL,'62.03',NULL),(543,' Física I A',NULL,'62.01',NULL),(542,' Análisis Matricial y Métodos Numéricos',NULL,'61.21',NULL),(541,' Análisis Funcional',NULL,'61.19',NULL),(540,' Ecuaciones Diferenciales Ordinarias',NULL,'66.18',NULL),(539,' Teoría de Grafos',NULL,'66.17',NULL),(538,' Matemática Aplicada a la Agrimensura',NULL,'61.15',NULL),(537,' Análisis Matemático III C',NULL,'61.13',NULL),(536,' Matemática para Ingenieros',NULL,' 61.16',NULL),(535,' Matemática Especial para Ingeniería Química ',NULL,' 61.14',NULL),(522,' Física',NULL,'03',NULL),(523,' Química',NULL,'05',NULL),(524,' Introducción al Conocimiento de la Sociedad y el Estado',NULL,'24',NULL),(525,' Álgebra I',NULL,'27',NULL),(526,' Análisis Matemático I',NULL,'28',NULL),(527,' Introducción al Pensamiento Científico',NULL,'40',NULL),(528,' Análisis Matemático II A',NULL,'61.03',NULL),(529,' Probabilidad y Estadística A',NULL,'61.06',NULL),(530,' Matemática Discreta',NULL,'61.07',NULL),(531,' Álgebra II A',NULL,'61.08',NULL),(532,' Probabilidad y Estadística B',NULL,'61.09',NULL),(533,' Análisis Matemático III A',NULL,'61.10',NULL),(534,' Análisis Matemático III B ',NULL,'61.12',NULL),(659,' Procesamiento del Habla',NULL,'66.46',NULL),(658,' Laboratorio de Mediciones',NULL,'66.45',NULL),(657,' Instrumentos Electrónicos',NULL,'66.44',NULL),(656,' Ingeniería Biomédica',NULL,'66.43',NULL),(655,' Counicaciones Digitales II',NULL,'66.42',NULL),(654,' Procesamiento de Señales II',NULL,'66.39',NULL),(653,' Procesamiento de Señales I',NULL,'66.38',NULL),(652,' Técnica Digital Avanzada',NULL,'66.35',NULL),(651,' Laboratorio de Sistemas Digitales',NULL,'66.33',NULL),(650,' Robótica',NULL,'66.32',NULL),(649,' Identificación y Control Adaptativo',NULL,'66.31',NULL),(648,' Control no Lineal',NULL,'66.30',NULL),(647,' Control Industrial Distribuído',NULL,'66.29',NULL),(646,' Teoría de Control II',NULL,'66.28',NULL),(645,' Electrónica de Potencia',NULL,'66.27',NULL),(644,' Arquitecturas Paralelas',NULL,'66.26',NULL),(643,' Dispositivos Semiconductores',NULL,'66.25',NULL),(642,' Teoría de la Información y Codificación',NULL,'66.24',NULL),(641,' Teoría de las Telecomunicaciones',NULL,'66.23',NULL),(640,' Laboratorio de Comunicaciones I',NULL,'66.22',NULL),(639,' Comunicación de Datos',NULL,'66.21',NULL),(638,' Organización de Computadoras',NULL,'66.20',NULL),(637,' Circuitos de Pulsos',NULL,'66.19',NULL),(636,' Procesos Estocásticos',NULL,'66.15',NULL),(635,' Introducción a Proyectos',NULL,'66.12',NULL),(634,' Circuitos Electrónicos II',NULL,'66.10',NULL),(633,' Laboratorio de Microcomputadoras',NULL,'66.09',NULL),(632,' Circuitos Electrónicos I',NULL,'66.08',NULL),(631,' Análisis de Circuitos',NULL,'66.06',NULL),(630,' Electrónica II',NULL,'66.05',NULL),(629,' Electrónica I',NULL,'66.04',NULL),(628,' Electrónica General',NULL,'66.03',NULL),(627,' Laboratorio',NULL,'66.02',NULL),(626,' Técnica Digital',NULL,'66.01',NULL),(625,' Tesis de Ingeniería Electrónica',NULL,'66.00',NULL),(624,' Trabajo Profesional de Ingeniería Electricista',NULL,'65.99',NULL),(623,' Laboratorio de Instalaciones Eléctricas',NULL,'65.48',NULL),(622,' Energía Solar, Geotérmica y de Biomasa',NULL,'65.47',NULL),(621,' Energía Eólica, Hidráulica y Marina',NULL,'65.46',NULL),(620,' Regulación de Servicios Públicos',NULL,'65.45',NULL),(619,' Sistemas de Energía',NULL,'65.44',NULL),(618,' Ingeniería de las Instalaciones I',NULL,'65.43',NULL),(617,' Sistemas de Protecciones Eléctricas',NULL,'65.42',NULL),(616,' Estaciones Transformadoras y de Distribución',NULL,'65.41',NULL),(615,' Uso Eficiente de la Energía Eléctrica',NULL,'65.40',NULL),(614,' Metrología y Técnicas de Calibración Eléctica',NULL,'65.39',NULL),(613,' Medidas Eléctricas Especiales',NULL,'65.38',NULL),(612,' Energías Renovables',NULL,'65.37',NULL),(611,' Medidas Eléctricas',NULL,'65.36',NULL),(610,' Luminotecnia',NULL,'65.34',NULL),(609,' Economía de la Energía Eléctrica',NULL,'65.33',NULL),(608,' Electrotecnia General D',NULL,'65.30',NULL),(607,' Electrónica Industrial',NULL,'65.29',NULL),(606,' Control de Procesos Industriales',NULL,'65.28',NULL),(605,' Construcciones Electromecánicas',NULL,'65.25',NULL),(604,' Aplicaciones Industriales de la Energía Eléctrica',NULL,'65.22',NULL),(603,' Accionamientos',NULL,'65.21',NULL),(602,' Centrales Eléctricas',NULL,'65.17',NULL),(601,' Transmisión y Distribución de la Energía Eléctrica',NULL,'65.16',NULL),(600,' Sistemas Eléctricos de Potencia',NULL,'65.15',NULL),(599,' Teoría de Máquinas Eléctricas II',NULL,'65.14',NULL),(735,' Metalurgia Física',NULL,'67.49',NULL),(734,' Tratamientos Térmicos',NULL,'67.48',NULL),(733,' Metalografía',NULL,'67.47',NULL),(732,' Diseño de Instalaciones Térmicas',NULL,'67.46',NULL),(731,' Sistemas de Control en Instalaciones Térmicas',NULL,'67.45',NULL),(730,' Plantas Térmicas',NULL,'67.44',NULL),(729,' Robótica Industrial',NULL,'67.43',NULL),(728,' Control Numérico de Máquinas Herramientas',NULL,'67.42',NULL),(727,' Automotores',NULL,'67.41',NULL),(726,' Diseño de Máquinas Herramientas',NULL,'67.40',NULL),(725,' Dibujo para Ingenieros',NULL,'67.39',NULL),(724,' Tecnología Mecánica B',NULL,'67.38',NULL),(723,' Máquinas Energéticas',NULL,'67.37',NULL),(722,' Mecánica Aplicada',NULL,'67.36',NULL),(721,' Proyecto de Instalaciones Térmicas',NULL,'67.34',NULL),(720,' Tecnología del Calor',NULL,'67.33',NULL),(719,' Tecnología del Frío',NULL,'67.32',NULL),(718,' Transferencia de Calor y Masa',NULL,'67.31',NULL),(717,' Combustión',NULL,'67.30',NULL),(716,' Proyecto de Máquinas',NULL,'67.29',NULL),(715,' Sistemas Hidráulicos y Neumáticos',NULL,'67.28',NULL),(714,' Tecnología Mecánica II',NULL,'67.27',NULL),(713,' Metrología',NULL,'67.26',NULL),(712,' Elementos de Máquinas',NULL,'67.25',NULL),(711,' Proyecto de Instalaciones Industriales',NULL,'67.24',NULL),(710,' Conversión de la Energía',NULL,'67.23',NULL),(709,' Sistemas de Control',NULL,'67.22',NULL),(708,' Mediciones Físicas y Mecánicas',NULL,'67.21',NULL),(707,' Turbomáquinas',NULL,'67.20',NULL),(706,' Máquinas Alternativas',NULL,'67.19',NULL),(705,' Mecánica de los Fluídos B',NULL,'67.18',NULL),(704,' Taller',NULL,'67.17',NULL),(703,' Ensayos Industriales',NULL,'67.16',NULL),(702,' Tecnología Mecánica I',NULL,'67.15',NULL),(701,' Conocimiento de Materiales II',NULL,'67.14',NULL),(700,' Conocimiento de Materiales I',NULL,'67.13',NULL),(699,' Mecanismos B',NULL,'67.12',NULL),(698,' Mecanismos A',NULL,'67.11',NULL),(697,' Calor y Termodinámica',NULL,'67.10',NULL),(696,' Dibujo Mecánico',NULL,'67.07',NULL),(695,' Termodinámica I A',NULL,'67.04',NULL),(694,' Medios de Representación C',NULL,'67.03',NULL),(693,' Medios de Representación B',NULL,'67.02',NULL),(692,' Tesis de Ingeniería Mecánica',NULL,'67.00',NULL),(691,' Trabajo Profesional de Ingeniería Electrónica',NULL,'66.99',NULL),(690,' Propagación y Sistemas Irradiantes',NULL,'66.82',NULL),(689,' Video y Redes de Cable',NULL,'66.81',NULL),(688,' Sistemas de Microondas',NULL,'66.80',NULL),(687,' Laboratorio de Comunicaciones',NULL,'66.79',NULL),(686,' Comunicaciones Digitales y Analogicas',NULL,'66.78',NULL),(685,' Sistemas de Comunicaciones',NULL,'66.77',NULL),(684,' Transmisión y Recepción de Comunicaciones',NULL,'66.76',NULL),(683,' Procesos Estocásticos',NULL,'66.75',NULL),(682,' Señales y Sistemas',NULL,'66.74',NULL),(681,' Instalaciones e Instrumentación Biomédica',NULL,'66.73',NULL),(680,' Señales e Imágenes en Biomedicina',NULL,'66.72',NULL),(679,' Sistemas Gráficos',NULL,'66.71',NULL),(678,' Estructura del Computador',NULL,'66.70',NULL),(677,' Criptografía y Seguridad Informática',NULL,'66.69',NULL),(676,' Electroacústica',NULL,'66.68',NULL),(675,' Acústica',NULL,'66.67',NULL),(674,' Seminario de Electrónica II',NULL,'66.66',NULL),(673,' Control Digital',NULL,'66.65',NULL),(672,' Control Robusto',NULL,'66.64',NULL),(671,' Redes Neuronales',NULL,'66.63',NULL),(670,' Redes de Computadoras',NULL,'66.62',NULL),(669,' Tecnología de Circuitos Integrados',NULL,'66.61',NULL),(667,' Control Óptimo',NULL,'66.56',NULL),(668,' Optoelectrónica',NULL,'66.57',NULL),(660,' Procesamiento de Imágenes',NULL,'66.47',NULL),(661,' Seminario de Electrónica',NULL,'66.48',NULL),(662,' Sistemas Biológiocos',NULL,'66.49',NULL),(663,' Tecnología de los Componentes',NULL,'66.50',NULL),(664,' Teoría de Detección y Estimación',NULL,'66.51',NULL),(665,' Instrumentos y Control de Procesos',NULL,'66.53',NULL),(666,' Simulación de Sistemas de Control',NULL,'66.55',NULL),(799,' Investigación Operativa',NULL,'71.07',NULL),(798,' Estructura Económica Argentina',NULL,'71.06',NULL),(797,' Organización Industrial II',NULL,'71.05',NULL),(796,' Organización Industrial I',NULL,'71.04',NULL),(795,' Estadística Técnica',NULL,'71.03',NULL),(794,' Agrimensura Legal I',NULL,'71.02',NULL),(793,' Introducción a la Economía y Organización de la Empresa',NULL,'71.01',NULL),(792,' Sistemas de Información Geográfica',NULL,'70.32',NULL),(791,' Información Rural',NULL,'70.31',NULL),(790,' Introducción a los Sistemas de Información Geográfica',NULL,'70.30',NULL),(788,' Catastro',NULL,'70.27',NULL),(789,' Topografía y Geodesia',NULL,'70.29',NULL),(787,' Hidráulica Agrícola y Saneamiento',NULL,'70.26',NULL),(786,' Levantamientos Hidrográficos',NULL,'70.24',NULL),(785,' Fotointerpretación',NULL,'70.20',NULL),(784,' Levantamiento y Práctica Profesional',NULL,'70.19',NULL),(783,' Catastro y Valuaciones',NULL,'70.18',NULL),(782,' Geodesia III',NULL,'70.17',NULL),(781,' Fotogrametría II',NULL,'70.16',NULL),(780,' Cartografía',NULL,'70.15',NULL),(779,' Fotogrametría I',NULL,'70.14',NULL),(778,' Geodesia II',NULL,'70.13',NULL),(777,' Geodesia I',NULL,'70.12',NULL),(776,' Topografía III',NULL,'70.11',NULL),(775,' Topografía II',NULL,'70.09',NULL),(774,' Topografía I',NULL,'70.08',NULL),(773,' Cálculo de Compensación',NULL,'70.07',NULL),(772,' Geografía Física y Geología',NULL,'70.06',NULL),(771,' Dibujo Topográfico',NULL,'70.04',NULL),(770,' Medios de Representación A',NULL,'70.03',NULL),(769,' Geometría Descriptiva',NULL,'70.02',NULL),(768,' Trabajo Profesional de Ingeniería Civil (Hidráulica)',NULL,'69.99',NULL),(767,' Gestión Ambiental de los Recursos Hídricos',NULL,'69.11',NULL),(766,' Construcciones Hidráulicas',NULL,'69.10',NULL),(765,' Hidráulica Fluvial y Marítima',NULL,'69.09',NULL),(764,' Planificación de Recursos Hidráulicos',NULL,'69.08',NULL),(763,' Hidrología',NULL,'69.07',NULL),(762,' Modelos Hidráulicos',NULL,'69.06',NULL),(761,' Centrales Hidráulicas',NULL,'69.05',NULL),(760,' Hidráulica Aplicada',NULL,'69.04',NULL),(759,' Mecánica de los Fluidos A',NULL,'69.03',NULL),(758,' Ingeniería Sanitaria',NULL,'69.02',NULL),(757,' Hidráulica General',NULL,'69.01',NULL),(756,' Trabajo Profesional de Ingeniería Civil (transportes)',NULL,'68.99',NULL),(755,' Ordenamiento Rural y Urbano',NULL,'68.11',NULL),(754,' Ingeniería Territorial',NULL,'68.10',NULL),(753,' Tránsito',NULL,'68.09',NULL),(752,' Planeamiento del Transporte',NULL,'68.08',NULL),(751,' Ingeniería del Transporte',NULL,'68.07',NULL),(750,' Transporte A',NULL,'68.06',NULL),(748,' Ferrocarriles',NULL,'68.04',NULL),(749,' Aeropuertos',NULL,'68.05',NULL),(747,' Puertos y Vías Navegables',NULL,'68.03',NULL),(746,' Diseño y Operación de Caminos',NULL,'68.02',NULL),(745,' Construcción de Carreteras',NULL,'68.01',NULL),(744,' Elementos Finitos Avanzados',NULL,'67.62',NULL),(743,' Fundamentos Matemáticos de la Visión en Robótica',NULL,'67.61',NULL),(742,' Introducción al Análisis Tensorial',NULL,'67.60',NULL),(741,' Mecánica del Continuo',NULL,'67.59',NULL),(740,' Introducción al Método de los Elementos Finitos',NULL,'67.58',NULL),(739,' Elementos Finitos Avanzados en la Mecánica de Fluidos',NULL,'67.57',NULL),(738,' Técnicas Energéticas',NULL,'67.56',NULL),(737,' Máquinas Térmicas',NULL,'67.52',NULL),(736,' Materiales Ferrosos y sus Aplicaciones',NULL,'67.50',NULL),(877,'04: Construcciones',NULL,'74',NULL),(876,' Arquitectura y Planificación',NULL,'74.03',NULL),(875,' Hormigón I',NULL,'74.01',NULL),(874,' Trabajo Profesional de Ingeniería Naval y Mecánica',NULL,'73.99',NULL),(873,' Prácticas en Astilleros II',NULL,'73.41',NULL),(872,' Prácticas en Astilleros I',NULL,'73.40',NULL),(871,' Construcción Naval III',NULL,'73.16',NULL),(870,' Máquinas Marinas III',NULL,'73.15',NULL),(869,' Navegación',NULL,'73.14',NULL),(868,' Máquinas Marinas II',NULL,'73.12',NULL),(867,' Máquinas Marinas I',NULL,'73.11',NULL),(866,' Proyecto de Buques II',NULL,'73.10',NULL),(865,' Proyectos de Buques I',NULL,'73.09',NULL),(864,' Construcción Naval II',NULL,'73.07',NULL),(863,' Vibraciones de Estructuras',NULL,'73.06',NULL),(862,' Introducción a Máquinas Marinas',NULL,'73.05',NULL),(861,' Estructura de Buques',NULL,'73.04',NULL),(860,' Arquitectura Naval II',NULL,'73.03',NULL),(859,' Construcción Naval I',NULL,'73.02',NULL),(858,' Arquitectura Naval I',NULL,'73.01',NULL),(857,' Tesis de Ingeniería Naval',NULL,'73.00',NULL),(856,' Trabajo Profesional de Ingeniería Industrial',NULL,'72.99',NULL),(855,' Industrias II',NULL,'72.18',NULL),(854,' Industrias Petrolíferas',NULL,'72.17',NULL),(853,' Industrias de la Alimentación',NULL,'72.15',NULL),(852,' Diseño de Productos',NULL,'72.14',NULL),(851,' Materiales Industriales II',NULL,'72.13',NULL),(850,' Industrias Textiles',NULL,'72.12',NULL),(849,' Industrias Petroquímicas',NULL,'72.11',NULL),(848,' Industrias de Celulosa y Papel',NULL,'72.10',NULL),(846,' Industrias III',NULL,'72.07',NULL),(847,' Industrias Plásticas',NULL,'72.09',NULL),(845,' Automatización Industrial',NULL,'72.06',NULL),(844,' Arquitectura Industrial',NULL,'72.05',NULL),(843,' Industrias de Procesos de Conformación',NULL,'72.04',NULL),(842,' Industrias I',NULL,'72.02',NULL),(841,' Materiales Industriales I',NULL,'72.01',NULL),(840,' Tesis de Ingeniería Industrial',NULL,'72.00',NULL),(839,' Métodos Cuantitativos Aplicados en Sistemas Agroalimentarios',NULL,'71.57',NULL),(838,' Legislación y Ejercicio Profesional de la Ingeniería de Alimentos',NULL,'71.56',NULL),(837,' Economía de la Empresa Alimentaria',NULL,'71.55',NULL),(836,' Evaluación de Proyectos de Plantas Químicas',NULL,'71.53',NULL),(835,' Ingeniería Económica II',NULL,'71.51',NULL),(834,' Ingeniería Económica I',NULL,'71.50',NULL),(833,' Ingeniería Económica',NULL,'71.46',NULL),(832,' Informática para la Gestión de Empresas',NULL,'71.45',NULL),(831,' Recursos Humanos',NULL,'71.44',NULL),(830,' Logística Integral',NULL,'71.43',NULL),(829,' Circuitos de Información en la Empresa',NULL,'71.42',NULL),(828,' Análisis y Resolución de Problemas',NULL,'71.41',NULL),(827,' Legislación y Ejercicio Profesional de la Ingeniería en Informática',NULL,'71.40',NULL),(826,' Legislación y Ejercicio Profesional de la Ingeniería Electricista B',NULL,'71.39',NULL),(825,' Legislación General',NULL,'71.38',NULL),(824,' Dirección de Manufactura',NULL,'71.37',NULL),(823,' Gestión de Calidad',NULL,'71.36',NULL),(822,' Estadística Técnica Superior',NULL,'71.35',NULL),(821,' Gestión Presupuestaria',NULL,'71.34',NULL),(820,' Comercialización de Productos Industriales',NULL,'71.33',NULL),(819,' Investigación Operativa Superior',NULL,'71.32',NULL),(818,' Organización de la Producción',NULL,'71.31',NULL),(817,' Agrimensura Legal III',NULL,'71.30',NULL),(816,' Legislación y Ejercicio Profesional de la Ingeniería Química',NULL,'71.28',NULL),(815,' Legislación y Ejercicio Profesional de la Ingeniería Electrónica',NULL,'71.27',NULL),(814,' Legislación y Ejercicio Profesional de la Ingeniería Mecánica',NULL,'71.25',NULL),(813,' Agrimensura Legal II',NULL,'71.24',NULL),(812,' Economía',NULL,'71.23',NULL),(811,' Legislación y Ejercicio Profesional de la Ingeniería Industrial',NULL,'71.22',NULL),(810,' Legislación y Ejercicio Profesional de la Ingeniería Civil',NULL,'71.21',NULL),(809,' Modelos y Optimización III',NULL,'71.20',NULL),(808,' Estructura Económica Argentina',NULL,'71.18',NULL),(807,' Derecho Informático',NULL,'71.17',NULL),(806,' Administración de Proyectos',NULL,'71.16',NULL),(805,' Modelos y Optimización II',NULL,'71.15',NULL),(804,' Modelos y Optimización I',NULL,'71.14',NULL),(803,' Información en las Organizaciones',NULL,'71.13',NULL),(802,' Estructura de las Organizaciones',NULL,'71.12',NULL),(801,' Organización de Obras',NULL,'71.11',NULL),(800,' Organización Industrial III',NULL,'71.08',NULL),(878,' Hormigón II',NULL,'74.05',NULL),(879,' Instalaciones de Edificios',NULL,'74.07',NULL),(880,' Presas',NULL,'74.08',NULL),(881,' Maquinarias de la Construcción',NULL,'74.09',NULL),(882,' Urbanismo',NULL,'74.10',NULL),(883,' Cimentaciones',NULL,'74.11',NULL),(884,' Estructuras Metálicas I',NULL,'74.12',NULL),(885,' Estructuras Metálicas II',NULL,'74.13',NULL),(886,' Tecnología del Hormigón',NULL,'74.14',NULL),(887,' Patología de la Construcción',NULL,'74.15',NULL),(888,' Estructuras de Madera',NULL,'74.16',NULL),(889,' Sistemas Constructivos',NULL,'74.17',NULL),(890,' Sistemas Estructurales',NULL,'74.18',NULL),(891,' Diseño Estructural',NULL,'74.19',NULL),(892,' Inspección y Ejecución de Estructuras de Hormigón',NULL,'74.21',NULL),(893,' Trabajo Profesional de Ingeniería Civil (Construcciones)',NULL,'74.99',NULL),(894,' Tesis de Ingeniería Informática',NULL,'75.00',NULL),(895,' Computación',NULL,'75.01',NULL),(896,' Algoritmos y Programación I',NULL,'75.02',NULL),(897,' Organización del Computador',NULL,'75.03',NULL),(898,' Algoritmos y Programación II',NULL,'75.04',NULL),(899,' Organización de Datos',NULL,'75.06',NULL),(900,' Algoritmos y Programación III',NULL,'75.07',NULL),(901,' Sistemas Operativos',NULL,'75.08',NULL),(902,' Análisis de la Información',NULL,'75.09',NULL),(903,' Técnicas de Diseño',NULL,'75.10',NULL),(904,' Análisis Numérico I',NULL,'75.12',NULL),(905,' Lenguajes Formales',NULL,'75.14',NULL),(906,' Bases de Datos',NULL,'75.15',NULL),(907,' Lenguajes de Programación',NULL,'75.16',NULL),(908,' Implantación de Sistemas',NULL,'75.17',NULL),(909,' Proyectos Informáticos',NULL,'75.18',NULL),(910,' Teoría de Comunicación',NULL,'75.19',NULL),(911,'20 Arquitecturas y Configuración',NULL,'75',NULL),(912,' Concurrencia',NULL,'75.22',NULL),(913,' Inteligencia Artificial',NULL,'75.23',NULL),(914,' Teoría de la Programación',NULL,'75.24',NULL),(915,' Simulación',NULL,'75.26',NULL),(916,' Algoritmos y Programación IV',NULL,'75.27',NULL),(917,' Base de Datos B',NULL,'75.28',NULL),(918,' Teoría de Algoritmos',NULL,'75.29',NULL),(919,' Teoría de Algoritmos II',NULL,'75.30',NULL),(920,' Teoría de Lenguaje',NULL,'75.31',NULL),(921,' Práctica Profesional',NULL,'75.32',NULL),(922,' Redes y Teleprocesamiento',NULL,'75.33',NULL),(923,' Redes y Teleprocesamientos II',NULL,'75.34',NULL),(924,' Seminario y Lógica de Bases de Datos',NULL,'75.36',NULL),(925,' Análisis Numérico II A',NULL,'75.38',NULL),(926,' Algoritmos y Programación I',NULL,'75.40',NULL),(927,' Algoritmos y Programación II',NULL,'75.41',NULL),(928,' Taller de Programación I',NULL,'75.42',NULL),(929,' Introducción a los Sistemas Distribuídos',NULL,'75.43',NULL),(930,' Administración y Control de Proyectos Informáticos I',NULL,'75.44',NULL),(931,' Taller de Desarrollo de Proyectos I',NULL,'75.45',NULL),(932,' Administración y Control de Proyectos Informáticos II',NULL,'75.46',NULL),(933,' Taller de Desarrollo de Proyectos II',NULL,'75.47',NULL),(934,' Calidad en Desarrollo de Sistemas',NULL,'75.48',NULL),(935,' Introducción a los Sistemas Inteligentes',NULL,'75.50',NULL),(936,' Técnicas de Producción de Software I',NULL,'75.51',NULL),(937,' Taller de Programación II',NULL,'75.52',NULL),(938,' Técnicas de Producción de Software II',NULL,'75.53',NULL),(939,' Técnicas de Producción de Software III',NULL,'75.54',NULL),(940,' Taller de Desarrollo de Proyectos III',NULL,'75.55',NULL),(941,' Organización de la Implantación y el Mantenimiento',NULL,'75.56',NULL),(942,' Modelos de Proceso de Desarrollo',NULL,'75.57',NULL),(943,' Evaluación de Proyectos y Manejo de Riesgos',NULL,'75.58',NULL),(944,' Técnicas de Programación Concurrente I',NULL,'75.59',NULL),(945,' Sistemas Distribuídos I',NULL,'75.60',NULL),(946,' Taller de Programación III',NULL,'75.61',NULL),(947,' Técnicas de Programación Concurrente II',NULL,'75.62',NULL),(948,' Sistemas Distribuidos II',NULL,'75.63',NULL),(949,' Manufactura Integrada Por Computadora (CIM)I',NULL,'75.65',NULL),(950,' Manufactura Integrada por Computadora (CIM)II',NULL,'75.66',NULL),(951,' Sistemas Automáticos de Diagnóstico y Detección de Fallas I',NULL,'75.67',NULL),(952,' Sistemas de Soporte para Celdas de Producción Flexible',NULL,'75.68',NULL),(953,' Sistemas Automáticos de Diagnóstico y Detección de Fallas II',NULL,'75.69',NULL),(954,' Sistemas de Programación No Convencional de Robots',NULL,'75.70',NULL),(955,' Seminario de Ingeniería de Informática I',NULL,'75.71',NULL),(956,' Seminario de Ingeniería de Informática II',NULL,'75.72',NULL),(957,' Arquitectura de Software',NULL,'75.73',NULL),(958,' Sistemas Distribuídos I',NULL,'75.74',NULL),(959,' Trabajo Profesional de Ingeniería Informática',NULL,'75.99',NULL),(960,' Tesis de Ingeniería Química',NULL,'76.00',NULL),(961,' Introducción a la Ingeniería Química 1',NULL,'76.01',NULL),(962,' Introducción a la Ingenieria Química II',NULL,'76.02',NULL),(963,' Operaciones I',NULL,'76.03',NULL),(964,' Operaciones Unitarias II',NULL,'76.04',NULL),(965,' Operaciones Unitarias III',NULL,'76.05',NULL),(966,' Ingenieria de las Instalaciones II',NULL,'76.07',NULL),(967,' Ingeniería de las Reacciones Químicas',NULL,'76.08',NULL),(968,' Instrumentación y Control de Plantas Químicas',NULL,'76.09',NULL),(969,' Análisis de Sistemas y Optimización',NULL,'76.11',NULL),(970,' Microbiología Industrial',NULL,'76.12',NULL),(971,' Bioingeniería Industrial',NULL,'76.13',NULL),(972,' Electroquímica',NULL,'76.16',NULL),(973,' Procesos Electroquímicos',NULL,'76.17',NULL),(974,' Físicoquímica Especial',NULL,'76.18',NULL),(975,' Procesos Fermentativos',NULL,'76.19',NULL),(976,' Ingeniería de las Reacciones Químicas II',NULL,'76.20',NULL),(977,' Fundamentos de la Ingeniería de Reservorios',NULL,'76.22',NULL),(978,' Recuperación Asistida de Petróleo',NULL,'76.23',NULL),(979,' Fundamentos de la Simulación Numérica de Reservorio',NULL,'76.24',NULL),(980,' Evaluación de Proyectos',NULL,'76.26',NULL),(981,' Control Estadístico de Procesos',NULL,'76.27',NULL),(982,' Gestión de Recursos en la Industria de Procesos',NULL,'76.28',NULL),(983,' Industria de Procesos',NULL,'76.29',NULL),(984,' Industrias Alimenticias',NULL,'76.30',NULL),(985,' Simulación de Plantas Químicas B',NULL,'76.31',NULL),(986,' Preservación de Alimentos',NULL,'76.32',NULL),(987,' Procesamiento Industrial de Alimentos',NULL,'76.33',NULL),(988,' Introducción a la Bioquímica',NULL,'76.40',NULL),(989,' Biotecnología',NULL,'76.41',NULL),(990,' Ingeniería de las Instalaciones II B',NULL,'76.42',NULL),(991,' Instrumentación y Control',NULL,'76.43',NULL),(992,' Práctica Profesional',NULL,'76.44',NULL),(993,' Termodinámica de los Procesos',NULL,'76.45',NULL),(994,' Introducción a la Ingeniería Química',NULL,'76.46',NULL),(995,' Evaluación de Propiedades Físicas',NULL,'76.48',NULL),(996,' Operaciones Unitarias de Transferencia de Cantidad de Movimiento y Energía',NULL,'76.49',NULL),(997,' Diseño de Procesos',NULL,'76.50',NULL),(998,' Introducción a la Planificación Interactiva',NULL,'76.51',NULL),(999,' Operaciones Unitarias de Transferencia de Materia',NULL,'76.52',NULL),(1000,' Diseño de reactores',NULL,'76.53',NULL),(1001,' Instalaciones de Plantas de Procesos',NULL,'76.54',NULL),(1002,' Microbiología Industrial',NULL,'76.55',NULL),(1003,' Instrumentación y Control de Plantas Químicas',NULL,'76.56',NULL),(1004,' Diseño de Procesos',NULL,'76.57',NULL),(1005,' Emisiones de Contaminantes Químicos y Biológicos',NULL,'76.58',NULL),(1006,' Trabajo Profesional de la Ingeniería Química I',NULL,'76.59',NULL),(1007,' Laboratorio de Operaciones y Procesos',NULL,'76.60',NULL),(1008,' Bioingeniería',NULL,'76.61',NULL),(1009,' Trabajo Profesional de la Ingeniería Química II',NULL,'76.62',NULL),(1010,' Tesis de Grado de Ingeniería de Alimentos',NULL,'76.90',NULL),(1011,' Trabajo Profofesional de Ingeniería Química',NULL,'76.99',NULL),(1012,' Higiene y Seguridad del Trabajo',NULL,'77.01',NULL),(1013,' Introducción a la Ingeniería Ambiental',NULL,'77.02',NULL),(1014,' Proyectos Nacionales e Ingeniería Ambiental',NULL,'77.05',NULL),(1015,' Ingeniería de las Instalaciones II',NULL,'77.07',NULL),(1016,' Seguridad Ambiental y del Trabajo B',NULL,'77.08',NULL),(1017,' Seguridad Ambiental y del Trabajo A',NULL,'77.09',NULL),(1018,' Gestión Ambiental en la Industria Alimentaria',NULL,'77.41',NULL),(1019,' Idioma Inglés',NULL,'78.01',NULL),(1020,' Idioma Alemán',NULL,'78.02',NULL),(1021,' Idioma Francés',NULL,'78.03',NULL),(1022,' Idioma Italiano',NULL,'78.04',NULL),(1023,' Idioma Portugués',NULL,'78.05',NULL);
/*!40000 ALTER TABLE `aleph_materia` ENABLE KEYS */;
UNLOCK TABLES;

--
-- Table structure for table `aleph_carrera`
--

DROP TABLE IF EXISTS `aleph_carrera`;
SET @saved_cs_client     = @@character_set_client;
SET character_set_client = utf8;
CREATE TABLE `aleph_carrera` (
  `id` int(11) NOT NULL auto_increment,
  `nombre` varchar(80) NOT NULL,
  `detalles` longtext,
  PRIMARY KEY  (`id`),
  UNIQUE KEY `nombre` (`nombre`)
) ENGINE=MyISAM AUTO_INCREMENT=12 DEFAULT CHARSET=latin1;
SET character_set_client = @saved_cs_client;

--
-- Dumping data for table `aleph_carrera`
--

LOCK TABLES `aleph_carrera` WRITE;
/*!40000 ALTER TABLE `aleph_carrera` DISABLE KEYS */;
INSERT INTO `aleph_carrera` VALUES (1,'Ingeniería en Informática',''),(2,'Ingeniería Electrónica',''),(3,'Ingeniería Civil',''),(4,'Ingeniería de Alimentos',''),(5,'Ingeniería Electricista',''),(6,'Ingeniería en Agrimensura',''),(7,'Ingeniería Industrial',''),(8,'Ingeniería Mecánica',''),(9,'Ingeniería Naval y Mecánica',''),(10,'Ingeniería Química',''),(11,'Lic. en Análisis de Sistemas','');
/*!40000 ALTER TABLE `aleph_carrera` ENABLE KEYS */;
UNLOCK TABLES;
/*!40103 SET TIME_ZONE=@OLD_TIME_ZONE */;

/*!40101 SET SQL_MODE=@OLD_SQL_MODE */;
/*!40014 SET FOREIGN_KEY_CHECKS=@OLD_FOREIGN_KEY_CHECKS */;
/*!40014 SET UNIQUE_CHECKS=@OLD_UNIQUE_CHECKS */;
/*!40101 SET CHARACTER_SET_CLIENT=@OLD_CHARACTER_SET_CLIENT */;
/*!40101 SET CHARACTER_SET_RESULTS=@OLD_CHARACTER_SET_RESULTS */;
/*!40101 SET COLLATION_CONNECTION=@OLD_COLLATION_CONNECTION */;
/*!40111 SET SQL_NOTES=@OLD_SQL_NOTES */;

-- Dump completed on 2012-02-19 23:19:22
